content,summary
类型#上衣*版型#宽松*风格#简约*图案#蝴蝶结*图案#波点*图案#线条*衣样式#衬衫,衬衫采用了非常经典的波点图案的款式，简约利落不会过时，而且还充满了现代风情，上身显优雅显气质。衣领部分有加长的蝴蝶结起到，既有装饰的作用，又能够修饰颈部的线条。略微宽松的衣身更加有型，穿上以后不显拖沓，更显挺拔。
类型#上衣*版型#宽松*版型#显瘦*风格#休闲*风格#潮*图案#刺绣*衣样式#卫衣*衣款式#抽绳*衣款式#连帽,马克华菲的每一款设计都紧跟时尚潮流，这款卫衣自然也是如此！版型宽松显瘦，短裤设计一秒拉长身形！连帽抽绳增添层次感的同时，休闲气质表现的恰到好处！最令人心动的设计来自袖子，别致刺绣点缀，一秒吸睛！
类型#裙*版型#显瘦*风格#淑女*风格#简约*裙下摆#荷叶边*裙领型#polo领,此款荷叶边裙两件套，采用荷叶边型设计，点缀衣身，飘逸又优美，尽显女性甜美淑女气场。a型廓形设计，遮肉显瘦，时尚又不失气质。polo领型设计，巧妙修饰脸型，简约又不失个性。
类型#裙*版型#显瘦*材质#牛仔布*裙型#牛仔裙*裙长#连衣裙*裙袖长#无袖*裙领型#翻领,这一款牛仔连衣裙两件套时尚翻领，精致优雅修饰脖颈。修身的版型尽显好身材，整体看起来凸凹有致的身材得到了凸显。精致无袖的设计，气质利落修饰手臂。加上飘逸裙摆，随风摇曳自然生姿。
类型#裤*版型#显瘦*颜色#浅蓝色*风格#潮*裤型#直筒裤*裤款式#破洞,这款裤子由浅蓝色的基调打造，犹如给人以海风拂面的感受。其直筒的版型设计，更好的包容了你的腿部肉肉。显瘦的同时并没有束缚之感，<UNK>拖沓之感，却又充满阳光正气。其裤腿的破洞设计，露出你的肌肤。彰显出了个性潮流的设计。
类型#裙*颜色#黑色*颜色#灰色*风格#简约*风格#知性*图案#条纹*裙下摆#荷叶边*裙长#半身裙*裙衣门襟#拉链*裙款式#拼接*裙款式#拉链,没人多余繁杂装饰的高腰包臀半身裙，靠的是匠心独特的设计魅力吸引你的注意。摒弃简单的条纹，采用了粗线的黑色与灰色条纹拼接，不一样的视觉体验，带来知性优雅的气质，让你一眼爱上。腰间选择采用后侧隐形拉链设计，简约自然，穿搭方便，给你不一样的穿着体验。犹如包裹设计般的裙边在裙侧<UNK>，荷叶边的设计俏皮可爱，灵动自然，给裙身增添细节感和层次感。
类型#裤*版型#显瘦*风格#青春*裤长#九分裤*裤款式#抽绳*裤款式#松紧带*裤腰型#松紧腰,腰头采用松紧有度的橡筋，搭配着灵活的抽绳设计，轻松满足不同身材穿着舒适又方便。前侧的弧形手插袋与后侧的手插袋相呼应，丰富整体层次感同时方便双手插入彰显青春活泼气息。裤脚采用九分的设计，露出脚裸时尚感倍增。锥形裤的版型剪裁，拉直腿型显瘦高挑。
类型#裤*版型#显瘦*风格#休闲*风格#青春*裤型#直筒裤*裤口#小脚,这一款采用舒适弹力面料的修身直筒小脚休闲裤，最大的设计亮点在于裤子有很好的修身效果设计，这样的款式设计使得整条裤子看起来与众不同。<UNK>稳又带出一股青春帅气的气息，非常适合追求休闲动感的你。
类型#上衣*版型#宽松*版型#显瘦*材质#棉*衣样式#衬衫*衣领型#polo领*衣长#中长款,衬衫作为必备款的穿搭，它的受欢迎程度受到了众多人的青睐哦。宽松的中长款衣身版型，显瘦遮肉，其100%的纯棉材质，更加亲肤舒适，polo领的设计，凸显利落感。
类型#上衣*风格#复古*图案#复古*衣样式#衬衫*衣袖型#灯笼袖*衣款式#木耳边,笛莎大胆的以复古灯笼袖与简单的廓形相搭配，让这件衬衫由内而外的散发出迷人的优雅气质，再结合甜美可爱的木耳花边的领口设计，小公主穿在身上妥妥的时尚达人，别提多漂亮。
类型#裤*风格#复古*风格#简约*风格#性感*图案#复古*裤长#连体裤*裤型#阔腿裤*裤款式#绑带,抹胸有着让女人们不动声色便性感撩人的魅力，将抹胸融入到连体裤设计中，颠覆以往的常规形象，后背融入绑带收腰设计，勾勒出纤细腰身，更带出一抹精致的复古气息。阔腿裤版型展现出高雅女人味，简约又能拉伸身材比例，打造吸睛女神范。
类型#上衣*版型#宽松*材质#亚麻*颜色#纯色*图案#纯色*衣样式#马甲*衣袖长#无袖,选用天然的亚麻材质，具有优越的吸湿透气性，出汗再多也不怕，在闷热的春夏季节穿着再适合不过了。纯色无袖马甲上衣和阔腿裤，简简单单却具有自己的风格，极简的时髦魅力，上身很容易出范。下装为阔腿裤的设计，宽松的裤腿无拘无束，走动起来自动带风，更显得随性洒脱。
类型#上衣*风格#通勤*风格#简约*风格#青春*风格#清新*图案#条纹*衣样式#衬衫*衣款式#拼接,这款织带拼接条纹衬衫展现优雅时尚的格调，简约经典的蓝白条纹通勤百搭，显得清新爽朗，格外惹眼，丰富视觉的层次美感，营造出明媚动人的视觉吸引力。充满青春时尚的韵味，赋予简约的衬衫满满的活力。
类型#上衣*材质#雪纺*风格#性感*衣样式#衬衫*衣领型#半高领*衣款式#勾花镂空*衣款式#纽扣,一款清凉透气的雪纺穿衬衫；富有诱惑力的半高领，将v型镂空作为装饰，既能裸露肌肤又可修饰脸型，使得体的穿搭流露出优雅性感的韵味；自然碎褶的袖口，采用双纽扣作为开合，系上则贴合腕部并修饰臂部，使随性的举手投足间洋溢着干练洒脱的气质。
类型#裙*版型#显瘦*材质#蕾丝*颜色#白色*颜色#黑色*风格#青春*图案#蕾丝*裙长#连衣裙*裙领型#v领*裙款式#吊带,在时尚圈瞬息万变的流行元素中，蕾丝元素却是一直<UNK>时尚圈，在今年各大秀场中都通过不同的形式，演绎这仙气十足的蕾丝元素，由此可见时尚圈对蕾丝元素的宠爱。今天推荐的是一款白色蕾丝吊带连衣裙，如果黑色蕾丝带着一丝神秘与诱惑，那白色蕾丝却显得端庄雅致，而这款吊带连衣裙修身的款式，v领领口的设计更是露出女性精致的锁骨，极大的展现了女性身材的曲线美，而白色蕾丝的端庄雅致则提高了整条裙子的气质，优雅精致。
类型#裤*材质#蕾丝*颜色#白色*颜色#粉色*图案#植物*图案#印花*图案#蕾丝*裤长#短裤*裤腰型#松紧腰,这款搭配上装选用柔软的白色人棉面料裁制而成，并以精美的蕾丝勾勒v领领口，下装搭配亮丽光泽粉色花卉印花短裤。侧边略微透视蕾丝装饰，上装配有<UNK>肩带，下装采用松紧裤腰，穿着舒适。
类型#上衣*材质#棉*材质#羊毛*材质#混纺*衣样式#开衫,这款开衫选用棉、羊毛、尼龙混纺材质，舒适柔软，结实耐穿，亲肤不扎身。领口采用棒球领剪裁，彰显青春活力感。下摆卷边设计，富有设计感，增加整体层次。适中的厚度，适合春天穿着。
类型#裤*颜色#藏蓝色*风格#简约*裤长#九分裤*裤型#直筒裤,采用的是经典的九分裤版型进行制作，同时还使用了纯净的藏蓝色面料设计，具有较为突出的简约风格，而且还能够有效的彰显出时尚气息。裤腿使用直筒设计，对于腿型没有太大的要求，可以轻松适配任何腿型，遮掩腿部瑕疵。
类型#裙*版型#显瘦*材质#蕾丝*图案#线条*图案#蕾丝*裙型#鱼尾裙*裙长#连衣裙,一款很有名媛气质的连衣裙，甄选优质蕾丝面料制成，呈现出精美的蕾丝花，栩栩如生，洋溢着优雅浪漫的气息。采用独特的立体修身剪裁，将女性凹凸有致的身材完美展现出来。气质v形领的设计，拉伸了颈部的线条。灵动的鱼尾裙摆，增添柔美气息。
类型#裤*风格#复古*图案#植物*图案#复古*图案#印花*裤长#连体裤*裤款式#拉链,这是一条充满着浓浓的复古气息的连体裤。连体的设计非常贴心实用，能为上班人士等早上<UNK>出门的人节省一些时间，能让你从容不迫地出门。整条连体裤都采用了高调复古的花卉印花，红底白花，宛如八九十年代的摩登女郎，非常引人注目。拉链体贴<UNK>在了侧边，既方便穿脱又隐形不显眼。
类型#裙*材质#棉*材质#丝绒*颜色#黑色*颜色#黑白*风格#文艺*风格#简约*风格#清新*图案#格子*裙长#连衣裙*裙领型#翻领*裙衣门襟#系带,这款连衣裙采用黑白的格纹元素，呈现出一种清新文艺的气息，让人移不开视线。简约的翻领，带来矜持优雅的气质。纯棉面料，穿着舒适到极致。长款的设计落落大方。腰身采用了黑色丝绒系带，一秒勾勒身形凸显柔美的气息，撩人于无形之中噢。
类型#上衣*材质#蚕丝*颜色#黑白*风格#休闲*图案#条纹*图案#印花*图案#撞色*衣样式#衬衫*衣领型#立领*衣款式#拼接,这款真丝衬衫，整体透着一股浓浓的休闲随性范。衣身的水貂印花图案，丰富又有趣，打破了整体的单调感。经典的黑白条纹立领，与领口相呼应，衬托出女性时尚干练的气质。撞色宽边侧条纹，别致大气，仿佛拼接上去的一样。
类型#上衣*版型#显瘦*图案#线条*衣样式#棒球服*衣样式#外套*衣款式#螺纹,外套采用棒球服的版型设计，加入较为修身的剪裁，上身会更加修饰身材，简单的无领设计，能够将颈部凸显出来。线条更修长，袖子及下摆采用螺纹设计，不易变形。
类型#上衣*图案#线条*衣样式#外套*衣样式#西装,"西装外套流畅裁剪,每一处线条都恰到好处勾，勒修饰身形,有点松度不紧绷,笔挺干练又不死板。精工细作而成的一款西装外套,对服装有品质追求的朋友y定会喜欢。"
类型#裙*颜色#红色*图案#印花*裙长#连衣裙*裙袖长#七分袖*裙领型#v领*裙款式#收腰*裙款式#流苏,充满艺术气息的一款连衣裙。红色的面料搭配精美的印花，呈现出非常亮眼的时尚气质。v字领斜襟设计，流苏配饰非常拉风，搭配喇叭七分袖更显优雅。长款收腰版型，轻松穿出纤细的身段。
类型#裤*版型#宽松*版型#显瘦*材质#牛仔布*风格#清新*图案#刺绣*裤型#直筒裤*裤型#铅笔裤*裤口#毛边,一款集清新与帅气与一体的牛仔裤，整体采用了宽松的直筒铅笔裤版型，整体轮廓修饰显瘦，但却拥有不错的包容性。而裤脚出的毛边和靓丽甜美的爱心刺绣，点缀整体的同时更增加了别致时髦的趣味性。
类型#上衣*材质#蕾丝*图案#蕾丝*衣样式#衫*衣领型#高领,最新最潮的上衣设计结合了中国古典风“丝绸之路”与现代流行风“高领七分”，呈现出该款蕾丝衫的经典之处，金葱织带的细节设计新颖独特，令人眼前一亮。
类型#裙*版型#显瘦*裙型#a字*裙衣长#短款*裙款式#口袋,短款的长度一直都是小个子的福利长度，加上a字的版型，能修饰着下身轮廓，显瘦并且更显高挑长腿。同时利用明线装饰的大口袋设计，更是给整条裙子增添了不少的精致高。
类型#上衣*材质#牛仔布*风格#清新*图案#线条*图案#刺绣*衣样式#外套*衣领型#翻领*衣袖型#插肩袖*衣袖型#收口,这一款牛仔外套翻领的设计，正好露出盈盈锁骨，脖颈的纤细线条得到了展现。插肩袖的袖型设计结合袖口的收口，视觉上就很好地修饰了肩部的线条。特别是后背迷人绣花，清新减龄视觉美丽。
类型#上衣*材质#混纺*风格#潮*衣样式#卫衣*衣款式#口袋*衣款式#抽绳*衣款式#连帽,这款卫衣前身logo贴片设计，简洁大气，时尚潮流。下摆同色设计，充满现代感。梯形口袋设计，打破了整体平整的感觉，充满活力感。连帽抽绳设计，经典有型，实用又有装饰感。卫衣采用粘纤和锦纶的混纺面料，手感柔软，弹性好，耐穿耐磨。
类型#裙*颜色#黑色*图案#格子*图案#动物*图案#线条*图案#刺绣*裙下摆#垂坠*裙长#连衣裙*裙款式#腰带,丽婴房这款甜美连衣裙，面料清爽抗静电，手感柔软，垂坠性良好，光泽适宜，贴肤穿着不刺激皮肤。装饰领子白边与格子包边搭配，经典又耐看。领子与裙摆处均点缀海洋动物刺绣，做工细致，精致可爱，凸显宝贝活泼童趣。腰口黑色绣花腰带，视觉上修饰腰部线条，美观时尚。裙摆里布轻盈飘逸，柔软不刺激皮肤。
类型#裙*材质#羊毛*风格#淑女*风格#简约*裙型#a字*裙领型#polo领*裙款式#拼接*裙款式#口袋*裙款式#木耳边,这款简约百搭的毛呢大衣，精选用亲肤的羊毛制作，打造出舒适温暖的穿着体验；优雅的a字版型，对身材的包容性极好；温婉的木耳边拼接，散发出优雅淑女的气息；经典的polo领口，显露出精致迷人的脸形；时尚的口袋装饰，丰富整体的层次感。
类型#裙*材质#网纱*风格#复古*图案#复古*图案#刺绣*裙长#连衣裙*裙款式#拼接*裙款式#吊带,让您穿出古典艺术气质的连衣裙，复古色系的内里吊带连衣裙，色系饱满而细腻，更加亲肤的同时还有是身材。外搭的半透网纱拼接工艺，精美的刺绣更呈现出华丽而复古的质感，轻松穿出名媛气质。
类型#裙*版型#宽松*裙领型#v领*裙袖型#喇叭袖*裙衣门襟#系带*裙款式#拼接*裙款式#抽褶,有点小a的感觉，衣襟是v领加上交叉系带的设计，v领可以露出纤细的脖子和女生的锁骨，交叉系带的设计多了些俏皮可爱的细节感，整体看上去不会很单调，增加了少女感。下摆拼接微微散开的褶皱裙摆设计，增添了甜美的感觉，使整条裙子更有味道。偏长一点的喇叭袖设计，宽松的袖口会衬得手腕更加纤细。
类型#裙*材质#针织*风格#复古*风格#文艺*图案#复古*裙长#连衣裙*裙领型#高领*裙袖型#收口*裙款式#拼接*裙款式#螺纹,<UNK>的这件连衣裙面料选用精<UNK><UNK>面料，手感蓬松柔软，分量比重大，色泽相对较柔和，上身保暖性佳。裙摆和领口均选用螺纹针织进行收口，高领设计<UNK>厚重围巾，保暖不灌风。衣身拼接东北<UNK>图案点缀，暗沉中一抹亮色，吸睛不已，红黑颜色搭配复古文艺，充满艺术气息，拼接<UNK>精准，细节彰显质感。冬日里只需带上<UNK>，脚踏一双<UNK>靴，便可肆无忌惮地闯入冰雪世界。
类型#上衣*风格#潮*图案#条纹*图案#蝴蝶结*图案#拼色*图案#几何*图案#印花*图案#撞色*衣样式#衬衫*衣门襟#系带*衣款式#勾花镂空*衣款式#抽绳*衣款式#收腰,本款印花气质连衣裙，高腰分割收腰，上身效果更加高挑纤瘦。撞色条纹搭配几何印花，潮流拼色，更加显得有趣并精致。抽绳蝴蝶结系带，使裙子具有更加独特的质感。领口镂空单扣衬衫领，区别于一般版型，展现优雅气质。
类型#裙*材质#网纱*颜色#迷彩色*风格#街头*风格#复古*风格#清新*风格#潮*图案#复古*图案#迷彩*裙长#连衣裙*裙款式#拼接,英文字母经过设计师的再次创作之后变得棱角分明，彰显出街头潮流的气息，诠释了年轻一族的张扬率性。而迷彩网纱的拼接飘逸又富有动感，无形中增添了几分清新浪漫的情怀。这样的一条连衣裙，不仅具有复古摩登风范，也彰显出十足的街头感。
类型#上衣*颜色#纯色*风格#简约*图案#纯色*衣样式#开衫*衣领型#圆领*衣款式#钉珠,纯色系的一款开衫，看起来给人一种简约又气质的感觉。领口处圆领的剪裁方式，圆润流畅的弧度曲线，衬托出一种可爱的气息感。胸口处钉珠的造型更显一种精致感。
类型#裙*风格#清新*风格#性感*图案#印花*裙下摆#荷叶边,连体裙式版型设计既可将不够完美的身材曲线修饰得更为动人，而且能做到性感而不裸露。满印清新自然的印花，搭配荷叶边设计，让整体的造型更加富有美感。内置胸垫并可拆卸，根据个人需求设计，极具人性化；后背优雅的交叉设计，增添性感气息，让穿着者既可以展现清新可爱的一面，又可以展现充满女人味的一面。
类型#裙*版型#宽松*图案#拼色*裙长#连衣裙,连衣裙采用提花<UNK>工艺，在细节之处体现品质<UNK>的工艺技术。搭配上长方形拼色，彰显大气优雅，西瓜红色泽柔和，很衬肤色白皙。外加上宽松的造型，在风中摇曳，诗意与美感才能够很好的形容女性的气质，浪漫唯美的气息在不经意间散发，仿佛仙女一般。
类型#上衣*材质#雪纺*风格#性感*衣样式#衬衫*衣领型#v领*衣袖长#七分袖*衣款式#勾花镂空,本身是一款十分基础款式的衬衫，融入了性感撩人的v领元素。细腻的小镂空细节，尽显出迷人的俏皮小心机。七分袖的长度设计，恰到好处能够<UNK>出白皙的美肌。柔软舒适的雪纺面料，给肌肤带来不一样的清爽舒适感。
类型#裙*风格#潮*图案#格子*图案#蝴蝶结*图案#撞色*裙型#a字*裙长#半身裙*裙衣门襟#系带*裙款式#拼接*裙款式#不规则,韩风的潮流吹来，备上一件a字的半身裙就够了，不规则的撞色拼接设计，为整体带来不一样的青春活力。搭配点缀的清晰格纹，简洁中传递出都市的浪漫风情。侧边添加的系带元素，挽成一个精致的蝴蝶结装饰，展现明媚的公主味道。
类型#上衣*版型#显瘦*风格#简约*图案#线条*衣样式#马甲*衣样式#外套*衣样式#西装*衣款式#口袋*衣款式#腰带*衣款式#收腰,马甲外套是最不挑人的外套之一，这款马甲外套适当的长度，利落的剪裁，彰显着时尚个性的简约优雅气质。收腰的剪裁，修身显瘦；腰带的设计，独特时尚的同时更能提升腰线，拉长身形。特别的西装小领设计，能修饰颈部线条。口袋的设计既美观大方又非常实用。后摆别出心裁的弧形剪裁能修饰臀部曲线，展现女性温柔的线条美感。整体给人一种优雅大方又利落的都市。
类型#裙*裙下摆#开叉*裙长#半身裙*裙款式#口袋*裙款式#绑带*裙款式#对称,ur这款半身裙有着一看就与别的半裙不一样的特质，前幅中缝以及两侧的开叉设计，将妩媚又妖娆的风情流于其中，与腰间独特的绑带装饰<UNK>，在自带的优雅气质中凸显出纤细柔软的腰肢。而两侧对称的大口袋装饰则以其独特的个性装点着细节，彰显出端庄又典雅的气韵。
类型#上衣*版型#显瘦*颜色#红色*风格#休闲*图案#线条*图案#印花*衣样式#衬衫*衣领型#翻领,红色色调的渲染，别着精致的旋转印花装饰，让衬衫不再单调，增添了造型的精致感。<UNK>衬衫的修身款型，特别讲究造型气质的修饰。而且翻领设计的款式让都市男性的造型更有干练的造型感。流畅线条设计让衬衫在穿上身后，造型都显得更有都市休闲气质，搭配上简洁的翻领设计，尽显都市男性的成熟感。
类型#裙*风格#知性*图案#线条*裙型#a字*裙型#小黑裙*裙领型#圆领*裙款式#收腰,人手必备一条的小黑裙，经典的小圆领，优雅大方又非常减龄，结合流畅大气的线条，彰显知性气质。金属气眼的装饰带来几分酷感，十分亮眼吸睛。收腰版型，a字裙摆，灵动而凸显身材曲线。
类型#上衣*版型#宽松*颜色#纯色*颜色#深色*图案#字母*图案#纯色*图案#文字*图案#线条*衣样式#卫衣*衣款式#罗纹,纯色的衣面利用深色的字母装饰显得大气简洁，轻松凸显出不简单的气息。前襟的图案通过一定的层次线条划分呈现立体，瞬间就彰显出魅力的衣面。宽松的卫衣版型设计尤为巧妙，与衣身相互搭配还能贯彻出品质的设计格调。在罗纹下摆的处理上带有弹力不会显得过于随意，自由呈现的弧度吻合身体，同时将身姿线条勾勒出来显精神。
类型#上衣*版型#宽松*颜色#绿色*风格#性感*衣样式#卫衣*衣袖型#落肩袖*衣款式#亮丝*衣款式#连帽,来自BRAND的这款连帽卫衣，采用经典的绿色调衣身，带来满满的生机和活力感。而衣身融入了亮丝装饰，在阳光下显得闪闪发光，耀眼夺目。结合肩部的小心思做了<UNK>剪裁，展露出诱人的香肩，散发出性感的女人味。加上宽松的落肩袖设计，将肩位下滑，尽显慵懒随性BRAND风范儿。
类型#裙*版型#宽松*风格#休闲*风格#青春*图案#印花*裙衣门襟#拉链*裙款式#拉链*裙款式#抽褶,衣衫周身遍布精致的印花图案，合理的色彩搭配显示出浪漫的优雅感，凸显更为高雅的贵族气质。自然形成的竖形褶皱，极具立体感，拉长了视觉效果，带来夸张的视觉享受，显示出纤细身姿，更加高瘦。前短后长设计，吻合时下流行趋势，前卫且时髦。衣身无拉链负重，显示出宽松休闲的穿着体验感。
类型#上衣*版型#显瘦*风格#休闲*图案#蝴蝶结*图案#线条*衣样式#衬衫*衣门襟#系带,衬衣是夏季不可缺少的单品，要想穿的出彩就要穿出独特与个性，袖子由上至下呈现出来的交叉线条，并在末端形成系带蝴蝶结，看起来十分别致，同时也将充满个性的能量释放出来。经典圆形的领口运用在此，带来了自由自在的休闲味道，加上衣摆前短后长的裁剪设计，修身显瘦无压力，尽显风情无限。
类型#裙*版型#宽松*图案#线条*裙袖型#蝙蝠袖*裙款式#勾花镂空*裙款式#不规则,经典的镂空立体花型，重工镂空效果，显得精巧可爱。中袖的设计，加上宽松的廓形，显得小女人味十足，修饰手臂线条。带一点蝙蝠袖的效果，配合<UNK>型裙身，上身浪漫飘逸。下摆做了不规则的裁剪，内里做了内衬，显得精巧的立体感。
类型#裙*风格#知性*图案#线条*裙腰型#高腰*裙长#连衣裙*裙款式#纽扣,时尚高腰的金属扣连衣裙，别样的设计风格，具有很好的视觉效果。特别是腰部的金属扣，高尚性和时尚性十足。独特的花样裙摆，优雅知性且随和。前短后长的设计，能够很好修饰身体整体的线条。大气吸睛，浪漫唯美。
类型#裙*版型#宽松*风格#复古*风格#文艺*风格#性感*图案#复古*图案#刺绣*裙下摆#花边*裙款式#勾花镂空*裙款式#绑带*裙款式#松紧带,镂空绣花增添文艺复古韵味，隐约露肤的效果释放丝丝小性感，穿着透气舒适，勾勒不经意间的优雅，散发迷人魅力。后背花边加入绑带装饰修饰性感的美背，增添柔美韵味，为你赢得更多的回头率。宽松的落肩袖不显肩宽，遮住手臂多余的肉肉，穿着慵懒随意，袖口微微收拢修饰纤细的手腕。弹力橡筋下摆凸显小蛮腰，穿着精神利落，搭配裤装或者裙装都很不错。
类型#上衣*版型#宽松*材质#棉*衣样式#卫衣*衣门襟#系带*衣款式#抽绳,抽绳系带的裤腰贴合身体。束脚裤版型，高街范er的既视感。裤裆<UNK>宽松，还有点hip-hop的feel。采用优质棉料，上身舒适透气。搭配卫衣酷酷哒。四季可穿。推荐入手。
类型#裤*版型#宽松*风格#复古*风格#简约*图案#格子*图案#复古*裤长#九分裤*裤型#直筒裤*裤型#阔腿裤*裤款式#抽褶*裤腰型#松紧腰,简约的格纹设计，复古时尚，九分阔腿裤型设计，宽松舒适，腰带装饰。复古优雅，宽宽的裤脚轻舞飞扬，行走自如，脚上生风的自信瞬间找回来，很好的修饰腿型，轻松打造长腿。宽松的直筒版型，这个季节可以单穿的，版型的设计很贴心，不用担心腿部的不完美。腰头松紧腰形成的褶皱让它更立体，贴身穿很舒服，裤带设计，不挑身材，任何人都可以驾驭。
类型#上衣*颜色#灰色*风格#复古*风格#文艺*风格#休闲*图案#复古*衣样式#外套*衣样式#西装*衣款式#纽扣,气质很放松的一款西装外套，裁剪手法干脆利落，领口比例、下摆开叉大小，让它看上去简单干净。不像那些一板一眼的工作服西装，看上去<UNK>人<UNK>。门襟采用金属纽扣，把它的气质锁在休闲洒脱与时装感之间，颜色上用的是比较中性的咖灰色，文艺复古，又没有太多的性别主张。
类型#裙*颜色#纯色*风格#文艺*风格#性感*图案#纯色*裙型#背带裙*裙型#抹胸裙*裙下摆#荷叶边*裙下摆#垂坠*裙腰型#高腰*裙款式#拼接,这款裤子可以单件穿着，喜欢文艺的一点的妹子也可以在内里搭配一件纯色小衫，穿着造型随意切换。背带可调节式，对身高没有什么要求，抹胸处采取荷叶边拼接，包裹手臂，凸显白皙肌肤，性感柔美。高腰设计提高了腰线，加之垂顺的阔腿裤型，使双腿更显修长，迈步间帅气又有范。
类型#裙*材质#丝绒*风格#复古*图案#复古*图案#线条*裙长#连衣裙,"设计师传承东方经典美学主义。<UNK>具有细腻光泽质感的丝绒塑造出旗袍连衣裙的轮廓,舍去了繁琐缤纷的装饰。以简洁的版型来凸显出那份<UNK>静谧<UNK>的<UNK>复古情调,镶边小立领延伸出斜襟线条上装点了精致饱满的珍珠扣,为典雅中国风尚增添出几分低调奢华的贵气。"
类型#裙*材质#丝绒*风格#复古*图案#复古*图案#线条*裙长#连衣裙,自带复古华丽气质的丝绒面料设计而成的子字带连衣裙，打造出优雅纤细的女性气质。鞋身精致的珍珠吊坠，让美更显与众不同。纤细的细跟从视觉上拉长腿部线条，缔造个性优雅的妩媚感。
类型#裙*图案#抽象*图案#印花*裙领型#方领*裙衣门襟#单排扣,这款<UNK>短外套，领型采用方领设计，很好修饰脸型衬脸小。衣身加入印花抽象图案点缀，增加时尚趣味性。单排扣衣门襟，穿脱十分方便。
类型#裤*版型#显瘦*颜色#黑色*风格#复古*图案#复古*图案#线条*裤长#七分裤*裤型#阔腿裤*裤款式#纽扣*裤腰型#高腰,夏天怎能没有一条大气场的背带阔腿裤呢。这款黑色背带阔腿裤，简洁大气，更显个性魅力，给你大长腿的即视感。洋气减龄的背带，富有质感的纽扣，增添几分复古俏皮气息。时尚的高腰设计，拉长身材比例，勾勒纤细腰身线条。七分的裤长，加上阔腿版型，遮肉显瘦。
类型#上衣*版型#显瘦*颜色#白色*颜色#黑色*风格#简约*风格#青春*图案#线条*图案#撞色*衣样式#衬衫*衣门襟#拉链*衣款式#拼接*衣款式#拉链*衣款式#荷叶边,半裙，裙身以黑色为底，白色包边装饰，碰撞出鲜明的层次感，打破沉闷，融入一股年轻的活力，时尚个性。前中拉链设计，很流行的圆环<UNK>，时尚感up！简约a字版型，高腰设计，上身效果非常遮肉显瘦，也很显腿长，自然带出身体线条！衬衫除了有撞色设计，还有个特别的设计就是前身拼接了荷叶边，飘落的一段，仙美浪漫至ji！同时还有修饰身形的效果，穿上走动间的立体动感，非常吸睛；
类型#裙*风格#青春*图案#波点*裙领型#翻领,波点的纹样永不<UNK>，且给人的感觉的十分俏皮，怎么穿都减龄且青春气十足。带有小翻领的设计，满满法式风情感，衬托得整个人气质十分优雅。搭配上流动翻转的裙摆，更添柔和妩媚的气息。
类型#裤*版型#宽松*版型#显瘦*材质#蚕丝*材质#丝绒*风格#复古*图案#复古*裤型#直筒裤*裤腰型#高腰*裤腰型#松紧腰,虽然春天真的很适合穿连衣裙，可是宽松舒适直筒裤也了解一下嘛。丝绒一直都给人一种复古华丽的格调，融入真丝光泽感蹭蹭上升。松紧高腰设计，弹力拉伸有度，穿着舒适不紧绷。包容性太棒了，各种腿型都能驾驭，正好把大腿的小肉掩饰住，露出最细脚踝，显瘦又显高挑。
类型#裤*裤长#九分裤*裤型#阔腿裤*裤款式#口袋,打褶腰线的面料具有一定的弹性，能给腰部良好的包容性却不会有紧绷感，将舒适度和时尚度带给小美女。九分裤腿露出脚踝，摆脱长阔腿裤的拖沓感还能在视觉上让小美女更显高挑。两侧有隐藏的斜插口袋让插袋姿势更加舒适还能提升小美女的气场，或用于春秋暖手以及日常储物都是不错的选择非常实用。
类型#上衣*图案#蝴蝶结*图案#印花*衣样式#衬衫*衣领型#小立领*衣门襟#系带*衣款式#拼接*衣款式#木耳边,非常精神的衬衫，优质的面料，上身非常的舒适，挺阔有型。木耳边小立领，非常的精神，彰显了甜美的感觉，非常的可爱。领口的蝴蝶结系带，非常的浪漫迷人，有着浓浓的女人味。精致的印花点缀，非常的赏心悦目，增添时尚感，上半部分拼接设计，层次感丰富。
类型#上衣*材质#棉*风格#街头*风格#清新*风格#性感*图案#字母*图案#条纹*图案#文字*衣样式#衫,甄选使用很是透气柔软的纯棉面料，上身的穿着感很是轻松自在。经典的蓝白条纹衫塑造出很是清新优雅的一面。款哦<UNK>流畅的廓形效果更是能够轻松地包容修饰身形效果。领口融入了字母的肩带，性感之中穿搭出摩登的街头设计感。
类型#裙*材质#牛仔布*材质#水洗*风格#简约*风格#休闲*风格#清新*图案#刺绣*裙型#a字*裙型#牛仔裙,牛仔a字裙可是众多女神的心头好，不挑身形还能显腿长，让你尽情美美美。简约的a字剪裁利落大方，自在不做作，水洗磨白的工艺清新亮眼，为你带来轻松舒适感。立体的刺绣花朵元素，平衡牛仔的休闲，平添几分柔美，逛街旅行都能格调满满。
类型#裤*版型#显瘦*风格#简约*风格#潮*裤型#阔腿裤*裤款式#拉链*裤款式#抽褶*裤腰型#高腰,高腰阔腿裤一直是深受潮流的宠爱，简约时尚的阔腿裤版型，前中打褶收腰，钉金属装饰串珠，在整体基础款式上增添设计感。腰部运用金属串珠，起到了画龙点睛的作用，提升了服装整体的设计感。褶皱装饰腰部打褶，在装饰的作用下又起到很好的修身效果，完美掩盖腰腹肉肉，凸显优美身线，尽情展现女性柔美气质。右侧隐形拉链的设计不仅使提升裤子整体效果，而且使腰部具有收身贴身的效果，穿着舒适。
类型#裤*颜色#白色*裤长#九分裤,更加紧致的版型，百搭的色系，让这款打底裤更加适宜其他风格的搭配。面料细腻而轻柔，贴肤的同时，更加舒爽轻盈。可以打底，也能外出搭配。九分裤设计，一双白色的板鞋就能出街。
类型#上衣*风格#简约*衣样式#毛衣*衣款式#荷叶边,荷叶边的设计让毛衣充满了甜美的气息，两层荷叶边叠在胸前，形成一个v字，在甜美中带着优雅。侧身的开叉，前短后长，搭配仙仙的纱裙，如同一位“出淤泥而不染”的仙子。柔软的面料，带有微微的垂感，松松垮垮地穿在身上，简约又甜美。
类型#裤*版型#宽松*裤型#直筒裤*裤款式#抽褶*裤口#开叉,西裤的款式大多是比较宽松的直筒裤，包括裤裆也比较宽松，臀部剪裁一般不收臀部，裤长偏长，非常多款式带有竖褶皱。BRAND的这款西裤融入了休闲裤的元素，更方便<UNK>穿着。立体的版型剪裁更贴合身形，腰头上的一粒扣设计，精致简洁，细微之处展现优秀的做工和品质。后腰的小开叉，方便穿着更舒适。
类型#裤*材质#棉*图案#撞色*裤长#长裤*裤款式#拼接*裤腰型#松紧腰*裤口#小脚,优选纯棉面料打造而成的束脚长裤，穿着舒适有质感。经典束脚和松紧束腰版型，穿着更加方便灵活。撞色拼接裤身设计，更添个性气质。
类型#上衣*风格#青春*图案#撞色*衣样式#外套*衣款式#拼接*衣款式#钉珠*衣款式#亮片*衣款式#抽绳,外套采用上下身不同风格的图案拼接，凸显个性前卫的设计感，展现出不拘一格的时髦态度。撞色的抽绳设计，增添青春的活力气息。侧身配有优质的亮片钉珠设计，提升衣身档次的同时更添造型美感。随性无包边的衣下摆，凸显时尚的不羁感，展现青春活力的时髦酷感。
类型#裙*版型#宽松*图案#波点*裙下摆#荷叶边*裙衣门襟#拉链*裙款式#拉链,衣身带有精致的波点图案，极具视觉美感，同时也增添了衣物的美观性。荷叶边的袖口，散发出一种甜美气息，能够彰显孩子可爱气质，而且也相当的宽松，让手臂能够自由的活动。后背顺滑的拉链，方便了衣物的穿脱，坚固性良好，长久使用不易损坏。大幅度的裙摆，行走的时候没有束缚。
类型#上衣*风格#街头*图案#字母*图案#文字*图案#印花*衣样式#卫衣,这款卫衣选用了很特别很温柔的奶茶色，奶茶色遇上字母印花设计，就变得的酷酷的了。街头感十足，又不失少女感，搭配裙装裤装都很nice！
类型#上衣*颜色#深色*风格#潮*图案#条纹*图案#撞色*衣样式#外套*衣领型#立领*衣门襟#拉链*衣款式#拉链,由意大利<UNK>BRAND独家打造的外套款式，以鲜明的红白撞色条纹亮眼吸睛，打破深色服饰的沉闷感，潮流不失个性；精致的立领轮廓裁剪，穿着挺阔有型；衣身前的金属拉链装饰，使得穿脱更为便利。
类型#上衣*风格#街头*风格#知性*风格#潮*图案#蝴蝶结*图案#线条*衣样式#衬衫*衣领型#翻领,极具少女心的一款蝴蝶结衬衫，时尚翻领设计，立体有型，轻松勾勒脸部圆润线条，为你的魅力加分；冬季扮靓还得靠细节制胜，俏皮的蝴蝶结点缀，就像是蝴蝶落在了前幅处，优雅中透出些俏皮，让你的少女心原地炸裂。知性的下摆开叉细节，赋予个性衬衫时髦感，打破一本正经，增添新潮街头气息，是一款让你风生水起的衬衫。
类型#裤*颜色#黑色*风格#复古*图案#蝴蝶结*图案#复古,这款裤子采用了纯黑的配色，黑色给人一种高级感。立体的裁剪工艺，使得裤子的腰臀部包裹性很好，勾勒出曲线美。裤腿采用了微喇的设计，带有些许复古风情。腰部采用了蝴蝶结系带点缀，甜美而富有女人味。
类型#上衣*颜色#黑白*风格#运动*图案#字母*图案#文字*图案#刺绣*衣样式#卫衣*衣门襟#套头*衣款式#勾花镂空*衣款式#抽绳*衣款式#连帽,细腻立体的字母slogan刺绣，搭配后背质感的胶印kewpies丘比娃娃可爱图案，充满了率真自我的穿衣风格。与普通的卫衣款式不同，这款连帽卫衣的袖子内部独特地运动切割镂空设计，别具前卫新颖的时髦感。实用的套头连帽与宽边抽绳平添多一份俏皮感，既童趣又充满新奇意味。采用最经典的黑白灰三色，不仅百搭还耐看不过时。
类型#上衣*材质#蕾丝*颜色#纯色*风格#高贵*风格#性感*图案#纯色*图案#蕾丝*衣样式#衬衫*衣领型#翻领*衣款式#拼接*衣款式#勾花镂空,这件纯色的翻领设计富有层次感，想要体现属于女人的妩媚就穿性感的蕾丝衬衫，这一款纯色的蕾丝衬衫，采用了蕾丝拼接镂空设计，让你优雅中带着性感的女性魅力。直筒的花边设计尽情展现女性的柔美身姿，让你更优雅高贵。
类型#裙*风格#复古*风格#性感*图案#碎花*图案#复古*图案#线条*图案#印花*裙下摆#荷叶边*裙长#短裙*裙领型#v领,复古风格的碎花短裙，长至膝盖以上，可以帮你展现大长腿。v领的设计带有一丝小性感，轻松修饰脖颈线条。柔和妩媚的点点印花，描绘出动人的风格。简单舒适的版型，搭配袖口和胸部的荷叶边，展现温婉的气质。
类型#裤*版型#宽松*风格#街头*风格#运动*风格#清新*图案#拼色*图案#线条*图案#印花*裤长#五分裤,清新鲜明的拼色BRAND，为裤子修饰出鲜明的层次感。垂坠光洁的面料柔韧顺滑，且耐磨抗皱不易磨损。宽松飘逸的五分裤剪裁线条方便身体运动，独具街头气息的印花点缀，塑造率性前卫的街头时尚风味。
类型#裤*版型#显瘦*材质#棉*材质#牛仔布*颜色#浅色*风格#复古*图案#复古*图案#线条*裤款式#破洞,来自女装品牌aviva，显瘦a字版型破洞牛仔裤。实穿易搭的经典单品，精选质感纯棉材质打造，手感柔软亲肤透气。个性浅色呈现做旧的复古感，结合破洞元素装饰，时髦加分，经典大气。a字裤腿设计，穿着不紧绷，完美修饰腿部线条。
类型#上衣*材质#蚕丝*材质#针织*颜色#黑白*图案#条纹*衣样式#开衫,袖口开衩拼真丝，结构层次丰富。黑白条纹车线整齐有序，营造假两件感觉很有特色，一下子就与普通的条纹针织开衫区别开来~时髦度提升好几个level啊~
类型#上衣*版型#宽松*材质#棉*材质#混纺*颜色#黑白*风格#复古*风格#休闲*图案#格子*图案#复古*图案#印花*衣样式#衬衫*衣袖型#蝙蝠袖*衣门襟#单排多扣*衣款式#抽褶,这件个性十足的衬衫采用棉混纺材质，穿着起来柔软透气又舒适。黑白格纹印花，单排多扣的门襟展现着复古的气息。方型的领口，宽松的版型搭配蝙蝠袖，再加上抽褶的时尚元素，轻松打造时尚休闲穿搭。
类型#裙*版型#显瘦*颜色#紫色*风格#淑女*风格#简约*风格#性感*裙型#a字*裙下摆#荷叶边*裙下摆#层叠*裙长#连衣裙*裙领型#圆领*裙款式#拼接,这件粉紫色连衣裙很有淑女范，绣花网纱的拼接，有着性感的透视视觉，显露出优雅的女人味。胸前的荷叶边修饰，层叠中很有层次感。显瘦的a字裙摆，非常飘逸。同时简约圆领很显气质。
类型#裤*版型#显瘦*材质#蕾丝*风格#性感*图案#线条*图案#蕾丝*裤款式#拼接*裤款式#勾花镂空*裤款式#木耳边*裤口#开叉*裤口#微喇裤,娇俏木耳花边小立领，弧度缱绻温柔，修饰纤细修长的脖颈线条，更显甜美。肩袖部分拼接蕾丝透视纱，镂空蕾丝花纹优美，风雅撩人。质地轻薄微透，隐约着白皙肌肤，开叉喇叭袖口，更加浪漫风情。自然收腰修身，伞摆裙型挺括。恰好裙长，遮住大腿粗的部分，修饰娇俏身材。性感露背剪裁，系带设计，倍添女人味。
类型#上衣*版型#h*衣样式#风衣*衣门襟#系带*衣门襟#双排扣,<UNK>的风衣，双色系的设计，都经典大气，不过时的格调，怎么都穿不够；经典的双排扣设计，帅气雅致不失中性的气度拉风；h型加上x型的版型设计，率性自如的风衣，敞开穿着或者系带都可以型格兼备。腰袢和袖袢的设计，细节彰显大牌的品质。
类型#上衣*材质#牛仔布*颜色#蓝色*风格#复古*风格#简约*风格#性感*图案#蝴蝶结*图案#复古*衣样式#衬衫,经典蓝色牛仔裤百搭又有型，时尚牛仔与直筒长裤的碰撞，使两种时尚元素瞬间摆脱单调与枯燥，复古之余又有十分时髦感。高腰塑臀设计，包裹臀部曲线，勾勒迷人性感腰线，打造时尚撩人的高挑身材。下摆别出心裁采用开叉搭配蝴蝶结设计，让单调的牛仔裤重唤青春活力，独特的设计让你避免撞衫的尴尬。搭配简约衬衫即可浪漫出行，灵动有不缺风情。
类型#上衣*版型#宽松*风格#休闲*风格#清新*风格#性感*图案#刺绣*衣样式#套头衫*衣领型#圆领*衣袖长#五分袖*衣袖型#插肩袖,绣花五分袖休闲套头衫采用了弧形圆领设计更显中国女性的婉约大方。另外更具弹力，休闲舒适。花朵绣花点缀衣袖凸显清新别致。插肩袖五分剪裁，宽松飘逸。后领v形剪裁更加女性的时尚与性感。宽松下摆，白搭婉约。
类型#裤*版型#宽松*版型#显瘦*材质#牛仔布*裤长#九分裤,微宽松版型的牛仔裤，对身材的包容度较大，适合大部分人的腿型。九分裤廓形，只显露出纤细的部位，视觉上显瘦又显高。前短后长的裤脚，增加一丝造型看点。
类型#裙*版型#显瘦*材质#针织*图案#线条*裙型#直筒裙*裙长#连衣裙*裙衣长#中长款,连衣裙选择针织面料制作，纹理细密，质感轻薄柔软又富有弹力，穿上后更加亲肤而且也不会变形。中长款的直筒修身版型的设计修显出高挑挺拔的身姿，v字衣领的设计既能修饰脸型又能拉伸颈部的线条，整体来说没有复杂的设计，是一款百搭不挑人的裙子。
类型#裙*版型#立体剪裁*材质#蕾丝*风格#潮*风格#性感*图案#蕾丝*裙款式#勾花镂空,镂空蕾丝不仅带给了这款裙子出色的视觉层次，也增加了大量的潮流感，带来性感与时尚。如果怕身材不够好也没有关系，裙子独特的立体剪裁，修饰出性感身材曲线。
类型#上衣*版型#宽松*版型#显瘦*材质#牛仔布*衣样式#外套*衣领型#v领*衣领型#半开领*衣领型#西装领*衣长#短款*衣袖型#落肩袖,这款短款宽松版型的牛仔外套有没有更吸引你呢，落肩的版型不限肩宽，适合多种身材的人，半开领的v领西装领口设计，可以拉长脸型达到显瘦的效果；衣身的特殊明线处理，增强了牛仔本身的质感，特殊的前短后长设计，提升格调。
类型#裙*版型#宽松*材质#蕾丝*风格#休闲*图案#刺绣*图案#印花*图案#蕾丝*裙款式#连帽,<UNK>可爱的卫衣款式，好穿又实用的款式来啦方便穿脱实用性又很高哦！慵懒的猫咪重工刺绣精致又特别惹人爱不是廉价的印花或者蕾丝，上身一秒俏皮减龄满分哦。袋鼠插袋宽松的连帽款式是懒人和走休闲挂的妹子的最爱了吧，搭配率非常高哦。
类型#裙*版型#显瘦*颜色#红色*图案#条纹*图案#撞色*裙长#连衣裙*裙领型#v领*裙领型#翻领*裙款式#腰带,如果不想搭配就能美美地出门的话，连衣裙一定不能少哦，这款红色条纹设计，更容易吸引路人们的注意力哦，又显肤色白皙。翻领和v领口设计，很好凸显迷人的天鹅颈。还有撞色腰带助力，拉伸下半身比例，显高又显瘦。
类型#上衣*风格#简约*衣样式#西装*衣门襟#双排扣,西装式翻驳领简约时尚，果敢干练又不失女人味。胸口处有个叫<UNK>的地方，<UNK>叫做枪<UNK>。多出来的这块<UNK>以前<UNK>的时候，用来<UNK>用的。减轻<UNK>对身体的<UNK>，现在作为装饰性元素一直<UNK>。门襟双排扣，个性帅气，丰富衣身细节。
类型#裙*版型#宽松*版型#显瘦*图案#格子*裙下摆#开叉*裙长#连衣裙*裙袖长#无袖*裙款式#拼接,这款连衣裙在下摆的位置采用的是开叉的前短后长的设计，这种设计比较具有个性，加上适中的长度，修饰身材的缺陷。搭配格纹的拼接元素，经典的款式，宽松的版型在上身之后的显瘦效果也是非常显著的。无袖的设计不管是单穿还是搭配内搭都是很好看的。
类型#裤*版型#显瘦*材质#牛仔布*颜色#黑色*风格#复古*风格#休闲*图案#复古*裤型#哈伦裤,随心穿搭，不<UNK>一直是我们追寻的理念。此款牛仔裤以哈伦的版型裁剪休闲随意，加以复古元素点缀，高品质牛仔面料，精湛的做工。品质感极强黑色显瘦哦！
类型#裙*风格#知性*裙腰型#高腰*裙长#半身裙,还有什么比一件春意盎然的裙子更能迎接春天的到来呢？这条新款高腰半身裙以如同彩虹<UNK>多姿的缤纷色彩，洒满裙身，既亮眼别致，吸引眼球，又不过分甜腻，优雅知性；廓形裙摆，高腰设计，展现玲珑身姿，穿上就有好心情，轻松走出甜美风。
类型#裙*材质#雪纺*颜色#粉色*裙下摆#荷叶边*裙长#连衣裙*裙款式#拼接*裙款式#收腰,淡雅而穿出<UNK>的连衣裙。优雅而细腻的粉色雪纺材质，给您以动人的视觉体验。正中和群摆的荷叶边拼接工艺，雕琢出百花绽放一般的优雅气息。收腰长款版型，裙摆飘逸翩翩动人。
类型#裙*材质#雪纺*风格#复古*图案#复古*图案#印花*裙型#百褶*裙长#半身裙,地素这款雪纺半身裙，采用复古的数码印花雪纺面料，仙气十足的同时更有质感，数码印花塑造了裙子的立体感。优雅的百褶裙型，活泼俏皮时尚感十足。裙子外面的单层雪纺，若隐若现中显示了女性的朦胧美。优质的面料，也让这款半身裙看起来更有质地。
类型#裙*材质#雪纺*图案#蝴蝶结*裙下摆#荷叶边*裙长#半身裙*裙款式#绑带,上衣采用光滑亲肤的雪纺材料，带有轻微一丝一丝的天然纹理，光泽低调自然，透气性良好，穿着舒适，行走间带着飘逸感，仙气十足，下身高<UNK>，腰部绑带设计，时尚优雅，搭配漂亮的蝴蝶结，俏皮可爱。裙尾荷叶边衔接，恰到好处的弧度，显得整个人温柔美好，适度的裙长，最完美展示了腿长，轻松穿出迷人身材。
类型#上衣*版型#宽松*版型#显瘦*材质#针织*风格#潮*图案#条纹*图案#撞色*衣样式#开衫*衣袖型#落肩袖,穿着舒适温暖的针织开衫，又融入了撞色的条纹设计，不仅勾勒出身体的轮廓，提升层次，吸睛时尚也更衬出活力感。落肩与宽松的版型设计，穿着自由无束缚，显瘦又透出慵懒的气息，下摆前短后长与侧开衩的设计，个性时髦，随性更体现出潮流感。
类型#上衣*风格#休闲*风格#性感*衣样式#衬衫,衬衫是时尚圈的经典单品，但是这件却不同于一般的衬衫，它延续了睡衣风的慵懒，展现出一种随意休闲的穿着感受。百搭的衣型，适合和不同的裤装相搭配，利落干练又不乏随性感。
类型#上衣*衣样式#外套*衣款式#不对称,一件个性十足的牛仔衣单品，穿上就能提高自己的穿搭段位。采用的不对称门襟设计，个性的同时又用了印有品牌logo的摇头扣装饰，搭配随意调节放下的半个领子，时尚品味秀出来。很有设计感的一个外套，二次元般的车迹线，细节处俘获人心。
类型#上衣*材质#牛仔布*图案#创意*图案#刺绣*图案#印花*衣样式#衬衫*衣款式#不规则,当经典碰撞经典，牛仔元素与衬衫元素的完美结合别有一番风味，圆弧形的下摆以优美的曲线打破了传统衬衫的沉闷与单调。衣襟精美俏皮的绣花章仔，不规则的造型新颖而富有创意，精湛的工艺无不体现着品牌的魅力，与背部的品牌印花相呼应。
类型#裤*版型#宽松*颜色#纯色*风格#休闲*图案#纯色*裤型#阔腿裤*裤款式#拉链*裤腰型#高腰,<UNK>一款阔腿裤纯色格调的颜色，干净利落特别出彩。宽松版型的设计，会给你留有足够的松量，既能打造轻松的休闲造型也适合外搭很有范。加上拉链装饰，质感十足开拉顺滑。高腰设计，提升腰线自然显高。
类型#裙*材质#网纱*图案#蝴蝶结*图案#刺绣*裙领型#娃娃领,背心裙的版型设计，俏皮可爱，衬托出手臂的纤细，使得整体的视觉感更加美感。网纱的裙摆，点缀上精美的刺绣，丰富整体的视觉感，营造出宝贝的仙美气质。娃娃领的设计，凸显出颈脖的纤细，凸显出温婉的魅力。加上蝴蝶结的点缀，更是让宝贝爱不释手。
类型#上衣*衣样式#风衣*衣款式#腰带*衣款式#连帽,腰间增加配色的腰带设计，能够更加方便收束腰身，让腰身看上去更加细，视觉上拉伸身型。衣身连帽的设计，能够丰富衣身的层次感，让整件风衣更加吸睛，戴上帽子还能够起到挡风的效果。
类型#裤*版型#显瘦*材质#棉*裤腰型#高腰*裤腰型#松紧腰,客供棉+氨纶面料，织面纹理清晰，触感舒适亲肤，上身有型。松紧高腰设计，弹力丰富，尽显纤细腰身。时尚的锥形裤，臀部至膝盖<UNK>的剪裁，遮肉显瘦。后片对称贴袋，修饰腰臀曲线，轻松穿着纤细腿型。
类型#上衣*风格#复古*风格#清新*图案#复古*图案#线条*衣样式#衬衫*衣领型#娃娃领*衣袖型#灯笼袖*衣款式#荷叶边,粉橘色的衬衫如同<UNK>的色彩一般，清新中透出活泼的味道。衬衫的领子打造双层荷叶边娃娃领，层层叠叠地极具设计感，又能展现乖巧可人的一面。灯笼袖的造型为服饰注入复古韵味，在举手投足的瞬间，更显优雅大方。a字弧形的下摆剪裁，用圆润线条感衬托温柔气质。
类型#上衣*风格#简约*风格#性感*图案#字母*图案#文字*图案#印花*衣样式#卫衣*衣领型#一字领*衣款式#螺纹,这款卫衣虽然采用的是简约的基础廓形设计，却不挑身材，并且还具有极好的搭配性，无论怎么穿着都不会出错。螺纹一字领的设计，裸露着柔美的锁骨和肩部，展现着独特的小性感。胸前的字母印花，有效打破了衣身的单调，散发着浓郁的时尚感。
类型#上衣*图案#条纹*衣样式#开衫*衣长#中长款*衣门襟#单排扣*衣款式#腰带,条纹一般会有很强的视觉冲击力，但本款并不如此，设计师特别挑选了很细的竖条纹，弱化颜色之间的对比，反倒显得浑然一体，斯文大方！裙子采用单排扣+腰带装饰，拆开扣子就是一件中长款开衫，一衣两穿，出乎意料的实用。
类型#上衣*图案#字母*图案#格子*图案#文字*衣样式#衬衫*衣款式#拼接,不走规矩路线就要来件颜色很“跳”的格子衬衫，绒贴布绣装饰和胸前的字母贴布点缀，让单调的衬衫变得更加个性，材质拼接显得更有层次感。
类型#裤*材质#混纺*材质#斜纹*风格#街头*风格#简约*裤口#小脚,经典的斜纹西装裤给人带来浓浓的干练成熟，在寒冷的初春街头绝对是吸睛必备元素。采用高品质的混纺面料，使得版型更加挺阔有型，同时坚牢耐穿，经过长时间穿着也不会产生磨损。在剪裁上简约大方，突显出女性的成熟稳重的魅力，小脚版型可以打造出修长笔直的双腿曲线，裤脚采用了小脚的设计，使得层次感更加丰富。
类型#裙*材质#蕾丝*风格#休闲*风格#青春*风格#潮*图案#字母*图案#文字*图案#线条*图案#刺绣*图案#撞色*图案#蕾丝*裙型#直筒裙*裙下摆#花边*裙长#连衣裙*裙袖长#短袖*裙领型#圆领*裙款式#流苏,这款连衣裙经典圆领剪裁，休闲罗纹拼合完整，穿着舒适耐磨，很好的拉长颈部线条。经典短袖设计，穿着无束缚，清凉惬意。胸前撞色字母绣花，丰富衣身层次感和立体感。流苏蔓延出装饰美感，青春跳跃，符合当下潮流。直筒下摆，蕾丝花边点缀，凸显十足女人味。
类型#裙*材质#牛仔布*颜色#纯色*颜色#蓝色*风格#清新*图案#纯色*裙型#牛仔裙*裙下摆#毛边*裙长#连衣裙*裙款式#抽绳,这款纯色连衣裙以蓝色打底，牛仔蓝的底色给人牛仔裙的错觉，风格上充满十足的清新随性。裙身腰部做了松紧抽绳，起到点亮腰线的作用，不至于过于单调。另外，裙摆点缀了<UNK>了毛边，整体观感上更加时尚自然，不失个性。
类型#裤*颜色#白色*颜色#黑色*风格#运动*图案#线条*图案#刺绣*裤长#长裤,以均匀的黑色作为服饰的底色，无形中展现了长裤深沉随性的格调。白色的侧边装饰巧妙的拉长了服饰的整体线条，黑白分明的对比格外优雅。同时在白色侧边上所融入的刺绣装饰展现了一股古典的时尚运动风格，更显设计层次。
类型#裙*版型#显瘦*材质#蕾丝*风格#性感*图案#蕾丝*裙腰型#高腰*裙领型#半高领*裙款式#抽褶,精致的蕾丝设计，为整体带来优雅性感的视觉体验，完美凸显出女人味。高腰的腰型，很好地修饰身形，显高显瘦。慵懒的半高领设计，流露出几分妩媚的feel。裙身的褶皱处理，则丰富了整体的层次感和设计感，颇为时尚。
类型#裙*风格#青春*风格#性感*图案#线条*图案#撞色*裙下摆#荷叶边*裙长#连衣裙*裙领型#v领,玛玛绨连衣裙气质的小v领款式，修饰出领部和面部的线条，展现出姣好的面庞。更衬托女性优雅的气质感。露出微微的锁骨，又在<UNK>间透露出一丝丝的小性感，凸显迷人的魅力。在领部边缘加入荷叶边的元素，增添了甜美俏皮的气息。少女感十足，更是显得青春年轻，可以巧妙的减龄。同时形成撞色，在视觉上更加的醒目吸睛，时尚感满满。
类型#上衣*版型#宽松*风格#街头*衣样式#卫衣*衣袖长#长袖*衣袖型#收口*衣款式#抽绳*衣款式#连帽,oversize舒适的卫衣总是有种神奇的魔力，让人不自觉就会沦陷下去。不管是单穿或者作为内搭，都能让你们轻松凹出街头造型。这款卫衣是加长版，随意甩出的加长袖以及加长版，都与其他卫衣有所不同。基础的连帽设计有抽绳收口，可以把自己收起来嘟嘟的也好可爱。用宽松的版型和长及小腿的卫衣，藏肉效果也是十足。遇到小个子女生也不用担心，只需简单搭就不会显腿短。
类型#裙*风格#ol*裙下摆#毛边*裙款式#口袋*裙款式#纽扣,金属纽扣元素营造个性“裤装门襟”，增添时尚的设计感。两侧斜插口袋设计，方便插手置物，恰当的口袋位置，能够很好的修饰臀型，起到提臀效果，撕裂式毛边点缀裙摆，多了份潇洒随性，彰显coolgirl率性不羁的型格魅力。
类型#裤*材质#棉*材质#牛仔布*风格#简约*风格#潮*图案#印花,经典简约的牛仔裤，穿在孩子的身上有着柔软舒适的感觉，而且还能让孩子看上去更有活力。加上独特的变形金刚贴布印花设计，更是让简单的牛仔裤变得更有时尚潮流感，上身更显活力个性。同时纯棉的牛仔面料，还有着透气吸汗的特点。
类型#裤*材质#牛仔布*材质#水洗*风格#街头*裤长#九分裤*裤型#阔腿裤,<UNK>的2018春夏系列之中保留了<UNK><UNK><UNK>的设计基因。并从90年代街头风格中汲取灵感，利用12盎司的水洗牛仔布打造这款阔腿剪裁的九分丹宁裤。
类型#裙*裙下摆#开叉*裙款式#不对称*裙款式#纽扣*裙款式#不规则*裙款式#飘带,双肩带的设计，显摆不规则开叉荷叶裙摆设计改善了传统背心裙的呆板感觉。胸前飘带做了不对称剪裁，定制的金属纽扣时髦精致，<UNK>，可爱中带了几分俏皮元素，是一件不可多得的单品。
类型#裙*颜色#白色*颜色#深色*风格#知性*裙长#短裙*裙长#半身裙*裙款式#拼接*裙款式#钉珠,深色系的半身裙能够弥补短裙较为学生风格的稚气感，而多了一分轻巧浪漫的轻熟小女人风韵。钉珠的元素冷冽知性，颇有酷味十足的气质。而白色的车线严谨工整，体现出对细节一丝不苟的要求和对时尚的精准把控。拼接的款式是韩系的BRAND风格。
类型#裙*材质#棉*颜色#纯色*颜色#粉红色*图案#纯色*图案#线条*裙型#背带裙*裙下摆#弧形*裙长#连衣裙*裙款式#口袋,妖精的口袋的这款纯色背带连衣裙运用粉红色的色彩设计，展现出活泼可爱的少女气息。弧形下摆剪裁精致细腻，修饰纤细的腿部线条。百分百纯棉面料质感舒适，令你享受非凡的穿着体验。
类型#裙*版型#显瘦*风格#简约*风格#清新*风格#性感*图案#线条*图案#印花*裙长#连衣裙*裙领型#荷叶领*裙款式#绑带,清新烂漫的一款连衣裙，简约又显浪漫的印花，巧妙地在裙身各处绽放，精致的细节设计，也让这款连衣裙更能凸显曼妙身材。优雅的荷叶领修饰颈部线条，细致绑带展露着丝丝性感，而腰间的束身绑带，更是拔高腰线，整体显瘦不少。
类型#裙*版型#显瘦*风格#复古*图案#复古*裙下摆#开叉*裙长#连衣裙*裙领型#立领*裙款式#盘扣,能够时刻提升你气质的一条旗袍连衣裙，经过了改良之后，相信能够赢得mm们的青睐；立领的设计结合上精美的盘扣点缀，从而流露出女性的中式风韵味；极其修身的版型剪裁勾勒出女性的苗条身姿，加上心机的开叉设计，尽显女性的民国复古气息。
类型#上衣*材质#牛仔布*材质#混纺*衣样式#外套*衣门襟#系带,这是一件很有设计感的牛仔外套，有很多细节都很精心。面料上采用了金丝混纺的牛仔材质，透气性强还很时尚高级，下摆系带设计也是甜美的不行。
类型#上衣*衣样式#开衫*衣门襟#拉链*衣款式#拉链,连体帽的造型设计，让整体的造型更加层次质感，保护孩子的头部温暖，给孩子带来舒适的穿着体验。开衫的拉链设计，顺滑不卡链，孩子穿脱方便，精美的图案设计，为孩子成长增添乐趣。
类型#上衣*版型#宽松*颜色#军绿色*风格#复古*图案#复古*图案#刺绣*衣样式#衬衫,一款设计满满的长衬衫，宽松的衣身加上经典的polo领造型，不仅好穿而且也不限制身形。精致的刺绣装饰满满的大牌质感，军绿色面料充满复古气息，既显优雅气质又不失张扬感，天冷的时候可以做内搭，天热的时候单穿或者做外搭。
类型#裙*版型#宽松*版型#显瘦*材质#蚕丝*颜色#黑色*风格#性感*裙袖型#灯笼袖*裙款式#拼接,这款中长款式的裙子，整体以黑色为主色调，显得十分大气优雅。袖口搭配真丝拼接的灯笼袖，微微透视的感觉，彰显女性的成熟魅力，显得性感迷人。宽松的版型，不仅给人十分舒适的穿着感受，而且上身遮肉显瘦。
类型#裙*风格#简约*图案#刺绣*裙下摆#花边*裙下摆#垂坠*裙腰型#高腰*裙领型#圆领*裙款式#拼接*裙款式#勾花镂空,雅致的色彩碰撞结合，浪漫精致的刺绣花纹，透着干净美好的味道~优美大气的刺绣花纹，市面上很少见到的款！细密的刺绣针脚，都是工人师傅手工刺绣勾勒而成的，还有镂空刺绣，制作过程更加复杂重工！简约圆领，优美的花边袖口以及裙摆，手工剪裁刺绣勾勒，高腰拼接垂坠裙摆，黄金分割身材比例，整体看上去更显高瘦！
类型#裙*材质#牛仔布*材质#水洗*风格#休闲*裙型#牛仔裙*裙款式#口袋,牛仔布面料，做了水洗工艺，手感更柔软亲肤。剪裁合身，穿起来敲舒服，不会有一般牛仔紧身裤的束缚紧绷。裤脚的须边处理得很自然，增加了裤子的休闲感和随性。前后都有口袋，实用性也很强了！小脚裤的优势就是非常能凸显比例，瞬间拉长腿部比例。
类型#裙*风格#性感*图案#线条*图案#印花*裙下摆#层叠*裙下摆#花边*裙领型#一字领*裙款式#吊带,融合了一字肩与吊带的元素，性感表露得很有设计感。小v字的剪裁，秀出你的精致锁骨线条。浪漫加成的印花，满载着异域风情的腔调感，让你为之着迷。叠加环绕的层叠花边装点其间，裙装的立体感呼之欲出。延伸到背部的吊带，<UNK>成了两根细绳，给你穿着的安全感。
类型#裙*材质#棉*裙袖长#无袖*裙领型#圆领*裙款式#拼接*裙款式#不规则,简洁无袖圆领样式，在炎热的夏季显得格外凉爽。后背开扣设计，既不影响美观，又穿脱翻边。腰部拼接样式，增添视觉层次感。裙摆自然起褶，下摆不规则裁剪，呈现随性美感。精密走线，做工整齐细腻，一丝不苟，彰显高端品质。亲肤的全棉面料，柔软舒适，更适合夏季贴身穿着。
类型#裙*材质#蕾丝*颜色#白色*颜色#黑色*风格#简约*风格#清新*图案#蕾丝*裙型#百褶*裙衣门襟#系带*裙款式#拼接*裙款式#勾花镂空*裙款式#腰带,BRAND的这条裙子采用拼接的款式，白色的上衣，黑色的腰带，米咖色的裙摆，简约大方又不失时尚感。上衣设计独特，领口采用系带镂空领，展现了女性优雅的气质，而袖口的收紧，又增加了女性俏皮可爱的气息。下摆的裙子采用有网眼的蕾丝制成，百褶的裙摆飘逸自然，清新脱俗。
类型#裤*裤款式#口袋*裤款式#螺纹*裤腰型#松紧腰*裤口#小脚,将工装裤与束脚裤完美的融合在一起，给人一种不一样的视觉冲击。超大的口袋给裤身带来丰富的层次感，视觉上也更加耐看。松紧的裤腰带设计摆脱了细皮带的烦恼，穿着也非常方便快速，还不影响美观。螺纹的裤腿配合小脚的裤口，更容易修饰脚腕，瞬间秒杀折裤脚的方法。
类型#裙*图案#格子*图案#蝴蝶结*裙型#a字*裙长#半身裙*裙领型#圆领,这一款气质两件套圆领上衣，修饰脖颈雅致大方，格纹的装饰，给予视觉十足的美，看起来自然减龄。精致的a字半身裙，修饰身材玲珑精致。蝴蝶结装饰，随风摇曳甜美减龄。随心的搭配出街，百变凹造型中特别的美。
类型#裙*图案#刺绣*裙领型#v领,让你怦然心动的一款连身裙，匠心深v领设计，将迷人事业线犹抱琵琶半遮面的外露，比直接裸露来得更加高级；平平无奇太没新意，设计师脑洞大开，<UNK>球状饰和刺绣装饰，看似不起眼却平添了几分俏皮可爱，一眼之中仿若时光流转，令人驻足。春暖花开时节，巧妙用海蓝色渲染，上身给你扑面而来的大自然气息。
类型#裙*材质#丝绒*风格#青春*风格#性感*裙型#百褶*裙款式#吊带,吊带的小心机设计，隐约透露出小性感。香肩外露的<UNK>若隐若现的肌肤特别让人着迷。这条裙子完美展现你的天鹅颈同时勾勒出你精致的锁骨。更具有气质，再加上粉嫩的颜色，轻松彰显你白皙皮肤。丝绒的面料，上身舒适摸着柔软。时下最流行的百褶款式，各大时尚精结合，一上身立刻变身时尚小妖精。
类型#上衣*颜色#藏蓝色*风格#宫廷*衣样式#雪纺衫*衣款式#钉珠*衣款式#吊带,宫廷气息的雪纺衫，运用优雅的明暗蓝色基调，演绎都市名媛气质感穿搭。衣领饰以钉珠工艺，提升品质感和奢华感，配有相对应的藏蓝色小吊带成套搭配，为穿着者提供安全防透穿搭。
类型#上衣*材质#棉*材质#牛仔布*风格#潮*图案#刺绣*衣样式#外套*衣款式#破洞,春暖花开的季节，小公主出门。靓丽牛仔外套<UNK>，温度刚刚好。刺绣花朵叶子装饰，洋溢着满满的春意，更显活泼可爱，渐变色设计。潮流不羁，精选纯棉牛仔面料，非常质感透气。融入了个性破洞元素，散发着浓浓的时尚味道。
类型#上衣*版型#宽松*风格#休闲*衣样式#外套*衣款式#口袋,轻薄休闲外套，穿着轻盈无负担，宽松的版型，不约束身体，让宝贝行动更为灵活<UNK>，尽情玩耍，享受快乐童年。利落松紧袖口，舒适贴合手腕，让宝贝活动中更为轻松自如。外套薄软，可以卷曲成小小的<UNK>，放入口袋或<UNK>，随身携带无压力。
类型#裤*版型#宽松*版型#显瘦*风格#街头*风格#通勤*风格#休闲*图案#创意*裤长#长裤*裤型#直筒裤*裤腰型#高腰,这款出自高街品牌的休闲长裤，可以说是永不会过时的裤型之一，修身又具有时尚感；宽松直筒带有一些不羁和趣味的街头气息，颠覆了传统裤装带来的束缚感；挺括的高腰裤型，腰身打褶装饰，整体新颖创意，可通勤又可日常。
类型#裙*风格#简约*风格#青春*裙长#连衣裙,纯净的少女风映入眼帘，淡淡的气质很受年轻女孩子的欢迎。这款简约的气质连衣裙，裙摆的长度刚刚好遮盖住大腿最粗壮的部分，裸漏出迷人的小腿，尽显曼妙妖娆的姿态，风姿绰约袅袅婷婷，少女气息十足。演绎青春的灵动美感。
类型#裤*风格#简约*风格#工装*裤型#哈伦裤*裤款式#口袋*裤款式#拉链*裤腰型#松紧腰*裤口#小脚,这款工装哈伦裤设计简约而不失时尚感，细节处的设计非常用心。具有多口袋装饰，裤腰两侧隐形拉链贴袋设计，裤身立体风琴袋，装饰美观，实用性强。松紧腰口和裤脚小脚设计，相互呼应，立体感十足。
类型#上衣*版型#宽松*风格#简约*风格#清新*图案#蝴蝶结*衣样式#针织衫*衣门襟#系带*衣款式#螺纹*衣款式#吊带*衣款式#露肩,系带露肩设计，凸显俏皮时尚气质。宽松的版型设计，凸显简约百搭质感。吊带处加入蝴蝶结装饰点缀，很好的凸显少女的清新甜美感。此外，螺纹袖口设计，增添针织衫的干练大气气息
类型#上衣*版型#宽松*材质#针织*颜色#蓝色*风格#文艺*衣样式#外套*衣长#中长款*衣袖型#落肩袖,中长款开门襟针织外套，针脚紧密细致。亮丽的蓝色，与初春暖阳两两呼应，带给你温暖惬意的文艺范。清爽天丝棉面料，弹性很好，柔软又舒适。独特新颖的自由开合门襟与圆润落肩设计，加上宽松的版型，让胖胖的女生也可以轻松地驾驭，时尚大方。
类型#裤*版型#显瘦*材质#棉*材质#牛仔布*颜色#深蓝色*风格#简约*图案#线条*裤型#铅笔裤*裤腰型#高腰,高腰版型的裤身设计，不仅能让你拥有大长腿的即视感，还能够给予无束缚穿着体验。选用了优质的棉牛仔布面料，质地更显柔软，结合修身铅笔裤的设计，包裹住双腿的线条，且不会有紧绷的不舒服感。深蓝色色系的选用，简约且时尚。
类型#上衣*颜色#浅灰色*衣样式#风衣,夏天<UNK>来。让我们多点时间穿风衣吧，风衣本来在衣橱就占有一席之地，今年这股风潮更加猛烈了。看多了各种版型的长风衣，这款恰好的长度。高级浅灰色，直身版型，送给腿不够长还很时髦的你，率性依旧更有型，细节上增加了袖袢，整体look更加柔和。作为风衣，不仅要时髦好看，更要经典耐穿，不是吗？
类型#上衣*风格#文艺*图案#字母*图案#条纹*图案#文字*图案#刺绣*衣样式#衬衫*衣款式#绑带,这款连身裙的腰间设有绑带的设计，修饰的腰身很是纤细。后背饰有字母刺绣设计，使得更显精致。条纹的纹理设计，加上衬衣式的版型设计，使得更显利落文艺感。
类型#裤*颜色#军绿色*风格#青春*裤型#哈伦裤,这款裤子的样式是非常新颖的，虽然平常我们都不太接触这类这款裤子的样式是非常新颖的，虽然平常我们都不太接触这类裤子，但是它的样式还是非常流行的，没有过多的设计依然可以很时尚。下面单看裤子是属于哈伦的款式，穿起来是非常显人的，颜色可以说是很时尚，军绿色超级帅气。
类型#裙*版型#显瘦*风格#性感*图案#刺绣*裙领型#立领*裙款式#盘扣,偏中式的一款小礼服。立领加盘扣的设计让人眼前一亮，胸前彩色花朵刺绣展现东方女子那股风雅韵味，腰部修身凸显曲线，个性感十足的摇曳裙摆柔和而优美。
类型#裙*风格#复古*图案#格子*图案#蝴蝶结*图案#复古*裙长#半身裙*裙衣门襟#系带*裙款式#不规则,这款半身裙采用精致绚丽的红白格纹元素，演绎别样的复古风情，打造摩登优雅的都市造型；不规则裙摆设计，拉长腿部比例，更显灵动感同时展现个性；加上腰部的蝴蝶结系带装饰，增添一丝甜美优雅的气息。
类型#裤*风格#复古*风格#休闲*图案#复古*图案#印花*裤腰型#松紧腰,没有繁杂的印花，而是以暗花肌理的设计来丰富视觉的层次感，复古而又别致。垮裆裤的版型慵懒而又随性，搭配松紧腰的设计，休闲味道十足。整体设计禅意十足，以不拘束的优雅灵性，展现了灵魂的朴实和自在。
类型#裙*颜色#卡其色*裙型#背带裙*裙下摆#花边*裙长#连衣裙*裙款式#波浪,自带俏皮属性的背带裙，一直深受少女的喜爱。BRAND这款连衣裙采用低调的卡其色，那抹温柔的色调，彰显出女性的内敛气质。花边勾勒出的背带，为其增加了几分精致感，尽显女人味。而挺括的波浪裙摆，不仅修饰了胯部缺陷，又不失小可爱。
类型#上衣*衣样式#衬衫*衣领型#翻领*衣袖长#长袖*衣门襟#单排扣*衣款式#拼接*衣款式#抽褶,每个女孩都需要一款长袖衬衣，而此款衬衣一定能让你显得与众不同。精致立体的小翻领凸显出了优雅与时尚，配合单排扣的门襟带来了自在的穿脱体验。前身处的大面积拼接细节在凌乱中展现了别致，充满了随性自在的造型感，更适合喜欢追求个性的孩子穿着，褶皱的细节增添了整体的层次感，在细腻优雅中展现了童趣与可人的一面。
类型#上衣*版型#宽松*版型#显瘦*颜色#白色*衣样式#衬衫*衣门襟#系带,这款白色的衬衫款式设计干净利落，看上去也会显得更加的大方有气质。较为宽松的版型设计，对于身材的包容性也是特别的好，穿着舒适的同时。也会有着极佳的显瘦效果，袖口做了一个系带的款式设计，更添甜美感的同时，更加的有层次感。
类型#裙*材质#针织*裙长#连衣裙*裙领型#圆领*裙袖型#收口*裙款式#螺纹,源自欧式设计的针织连衣裙，时尚的圆领设计，干净利落，活泼俏皮的设计风格，舒适平整美观耐看。袖口的螺纹工艺手法与衣身连为一体，花纹统一又具有节奏感。螺纹收口的小a下摆设计，穿着轻松自如，彰显品质，连衣裙版型，很显身材，孕妈产后穿着更优雅。
类型#上衣*版型#宽松*版型#显瘦*风格#潮*衣样式#卫衣*衣款式#拼接*衣款式#口袋*衣款式#连帽,连帽系的卫衣衬托出可爱俏皮的韵味，同时起到了减龄的效果，宽松的版型，胖瘦都可驾驭，起到了修身显瘦的作用。衣身前的拼接口袋点缀，不仅实用，而且时尚潮流。精选优质的面料，质感柔顺，从每一处呵护我们的皮肤。
类型#裙*颜色#粉色*风格#简约*风格#性感*图案#几何*图案#线条*图案#刺绣*裙型#a字*裙腰型#高腰*裙长#长裙*裙领型#v领*裙袖型#泡泡袖*裙款式#勾花镂空,这款粉色镂空长裙简单的泡泡袖，大方的v领设计，上身可显优美的脖颈线条和纤细的手臂。高腰分割腰线，凸显纤细腰肢，a字裙摆增添了少女的俏皮感。精致的镂空刺绣，简约的几何图案和秀气的花型互相映衬，集优雅与性感与一身。恰当的长度设计，看起来不臃肿，又很干练。
类型#裙*材质#网纱*裙型#仙女裙*裙领型#一字领,这款洁白无瑕的仙女裙，衬托肤如凝脂<UNK>。打造一个天然无须修饰的美人。一字领的设计极尽奢华复古风，露出香肩给人无限遐想，轻柔的网纱质地，呵护肌肤，即使是敏感肌也可以随心的穿着，尽显女性独有的清纯灵动之美。
类型#裤*版型#宽松*颜色#黑色*颜色#红色*风格#潮*图案#撞色*裤长#短裤*裤款式#口袋,潮流帅气的一款男士短裤，有经典的黑色和帅气的红色，两种选择。版型宽松适中，长度到了膝盖，大方，又十分的贴合。这款裤子最大的亮点就是在裤子的正面添加了撞色的英文字母装饰，使你整个人都变得立体而丰满了起来，帅气而潮流时尚。还添加了口袋，美观又实用。
类型#上衣*版型#宽松*图案#条纹*图案#刺绣*衣样式#外套*衣领型#圆领,简单大方的圆领设计，倍添时尚亲和力，宽松直筒的版型，上身有些松量，穿着舒适又自在。经典条纹元素搭配细腻立体刺绣，时尚又吸睛，单穿或是搭配外套都会很容易穿出时尚气质。
类型#裙*版型#宽松*颜色#酒红色*裙下摆#荷叶边*裙长#连衣裙*裙领型#娃娃领,即使是身材稍胖的mm，穿上这条连衣裙也能这么好看哦；娃娃领的设计精致小巧，加上柔美的荷叶边点缀，既彰显出女性的那份优雅大气感，又带来了减龄的穿着效果；宽松的版型设计包容性极强，加上荷叶边裙摆以及明亮的酒红色调，共同打造女性的端庄典雅气质。
类型#裙*风格#性感*图案#印花*裙下摆#荷叶边*裙长#连衣裙*裙款式#拼接*裙款式#吊带,复古风的一款连衣裙，肩膀处采用吊带版型的做法，给人一种性感的气息感。搭配上印花图案为底色，更加的时髦。裙摆处拼接上荷叶边的做法，丰富了整体的层次感。
类型#裙*风格#英伦*图案#格子*图案#蝴蝶结*裙腰型#高腰*裙长#半身裙*裙领型#圆领*裙袖型#泡泡袖,经典的格纹元素不止拥有经典的时尚优势，还具有低调的英伦风，恰好地提升穿着者的高大上气场。圆领的设计，突出落落大方的魅力。加之趣味性十足的泡泡袖，注入一股俏皮的可爱感。高腰剪裁的半身裙，提升上下身的比例。蝴蝶结的点缀，平添出清纯可人的吸引力。
类型#裙*版型#宽松*风格#性感*裙下摆#开叉,裙摆在侧边加入了开叉的设计，侧边隐约展现出双腿的肌肤质感，不经意间秀出迷人的性感滋味，撩人心扉。同时开叉的设计配合宽松的版型，可以营造出飘逸的效果，仙气满满。
类型#裤*颜色#黑色*风格#复古*图案#复古*裤口#毛边*裤口#微喇裤,这条裤子的风格是当代的时尚融入了复古的元素。它全身是黑色的，配上光感的面料，会有一种闪亮复古的感觉。而且它的裤脚也很复古，经典的喇叭裤型，调节了大腿与小腿的比例。为了让裤子看起来更舒服，裤脚特地做了磨边，毛边会柔化整个气场。
类型#上衣*材质#棉*材质#混纺*材质#纤维*颜色#白色*衣样式#衬衫*衣袖长#七分袖,彰显出浓浓设计感的轻薄衬衫，采用假两件套的设计手法，透出优异的空间感。外层的七分袖轻薄小衫采用棉和聚酯纤维混纺而成，透出超柔细腻的触感。轻盈的质地若隐若现地透出内搭的白色背心，显得神秘而个性。
类型#裤*版型#显瘦*版型#立体剪裁,BRAND24系列的这条女款<UNK>，仍很好的延续了户外运动和日常生活相融合的<UNK>。通过紧贴双腿曲线的修身版型来进行呈现，使其体积更小并有效减轻裤身厚重感。加上全接片设计和膝盖部位的立体剪裁，以及可向上卷起的裤脚口，更充分增强了整体灵活性，保证了舒适的穿着感受。
类型#裤*颜色#迷彩色*风格#简约*风格#青春*风格#工装*图案#迷彩*图案#线条*裤长#五分裤*裤款式#拼接*裤款式#口袋,率性简约的工装五分裤，搭配两侧的大口袋拼接，以迷彩拼接为点缀，缓冲迷彩本身的野性粗狂，带去几分青春气息，增添现代摩登味道；五分裤型，无形之中拉长笔直修长的腿部线条，两边斜插口袋简单实用，可放随身物品。
类型#裙*风格#简约*风格#性感*裙型#西装裙*裙型#包臀裙*裙腰型#高腰,无论在任何场合，这款简约的西装裙都能衬托出现代都市女性那份优雅妩媚韵味。高腰设计贴合身躯，勾勒出纤细腰姿的同时<UNK>了腰线，使身姿更显高挑玉立一些。包臀裙型性感有度，包裹出曼妙曲线，端庄中透着万种风情。
类型#裙*材质#棉*颜色#白色*风格#清新*裙型#a字*裙型#花苞裙*裙长#半身裙*裙款式#口袋*裙款式#抽褶,这款清新气质半身裙，穿着素雅又大方。甄选优质的棉质面料，舒适透气且穿着柔软亲肤。a字的版型，加上褶皱的工艺，打造女性曼妙的身姿。白色的蒲公英的花苞图案，精致又有趣。裙身漂亮的口袋装饰，方便又实用大气。
类型#上衣*版型#宽松*版型#显瘦*颜色#白色*图案#线条*衣样式#衬衫,位于衣领两侧的翻边设计展现出令人耳目一新的设计美感，应用在白色宽松衬衣的装饰上面，显得整体气质清纯又自然。v字的领型线条利落，同时有着独特的视觉拉长效果，让女孩子轻松穿出显高显瘦的感觉，加上翻边装饰，富有层次立体美感。
类型#裙*图案#线条*裙长#连衣裙*裙袖型#喇叭袖*裙款式#拼接*裙款式#不规则,时尚女人味的同时添几分柔美感这款连衣裙比常见的裙子要别致多了属于那种气质稳稳的，日常很容易驾驭的款。袖子拼接透视面料，设计感很足，穿上隐约着手臂线条，迷人有魅力，显气质。领口，重工串珠设计，轻奢优雅，柔美风雅，魅力女人气质，上身风情款款~不规则下摆的设计，赋予裙身变化的美感，造型更加洋气有型！喇叭袖举手投zu间尽显迷人的女性魅力~
类型#裙*材质#网纱*风格#性感*图案#刺绣*图案#印花*裙型#a字*裙长#连衣裙*裙款式#拼接*裙款式#收腰,肩部拼接半透视网纱，凸显性感时尚气质。精美的松紧收腰设计，修饰完美身材。花朵、燕子图案的印花刺绣能够很好的为连衣裙带来俏皮设计感。此外，a字裙摆，赋予穿着者温柔优雅的气质。
类型#裙*材质#牛仔布*材质#水洗*风格#青春*裙型#牛仔裙*裙腰型#松紧腰*裙长#半身裙*裙衣长#中长款*裙款式#纽扣,牛仔总给人一种青春阳光的感觉，牛仔的中长款半身裙更是减龄神器。小a版型的设计加上厚实的水洗面料，使整条裙子更加的挺括。前门襟古铜色的纽扣给整条裙子增加了俏皮的感觉。最喜欢的就是松紧腰和两侧大片的插兜设计，可以完美的处理自己无处安放的手。
类型#上衣*材质#牛仔布*颜色#绿色*颜色#酒红色*风格#复古*风格#性感*图案#复古*图案#线条*衣样式#外套*衣长#短款*衣款式#不规则,突破传统的牛仔面料的色调，创新性的以酒红或绿色调，使复古帅气的牛仔更展现出别样的风情，同时。明线车线线条的设计，吸睛提升层次，又轻松勾勒出身材的轮廓。短款的外套，巧妙提高了腰部线条，更加的高挑。短裙又是不规则的裙摆的设计，个性别致。性感更时髦。
类型#裙*版型#显瘦*风格#简约*裙腰型#高腰*裙长#连衣裙*裙领型#圆领,一款优雅时尚的连衣裙，亲肤柔软，穿着凉爽舒适。简约的圆领设计，有效的修身颈部柔美曲线，尽显小女人的气质。高腰的设计，提高腰线，拉长身材黄金比例，打造窈窕身姿，轻松凹出小蛮腰。
类型#上衣*材质#牛仔布*衣样式#外套*衣领型#翻领*衣款式#口袋*衣款式#收腰,翻领版型的一款牛仔外套，给人一种干练利落的气息感。腰间增加上收腰版型的剪裁方式，让你凸显出女性的腰线感。腰间两侧的口袋造型，丰富了整体的细节感，也更加的实用一些。
类型#上衣*版型#宽松*材质#雪纺*衣样式#雪纺衫*衣袖型#落肩袖*衣袖型#灯笼袖,这款雪纺衫采用宽松的落肩袖版型，搭配着通透的雪纺面料，穿起来丝毫没有束缚感，营造出比较仙美的感觉。倒三角的领部若隐若现的露出锁骨，流露迷人的女人味。灯笼袖搭配着百褶的袖口，增添仙美浪漫的少女气息，上身很显气质。
类型#裤*图案#线条*裤长#七分裤*裤型#阔腿裤,设计师将这款阔腿裤设计成七分款式，尽显青春活力气息。七分尺寸的剪裁很好的修饰腿部线条，圆弧花边裤脚，可爱甜美feel爆棚，这样一款引领时尚的裤子赶快入手吧！
类型#上衣*材质#混纺*颜色#深色*图案#字母*图案#文字*图案#印花*图案#撞色*衣样式#衬衫*衣长#中长款*衣长#常规,这款衬衫中长款的长度上身效果非常的大方帅气，深色纯净的衣身后幅印有撞色的字母印花，色彩鲜明不易掉色，提升整体的时尚感，更添活力。弧形的下摆设计打破了经典的常规设计，不会那么死板，更加的时尚。混纺的材质保留了棉纤维的琴<UNK>透气性能也提升了整体的挺括性。
类型#裙*材质#雪纺*风格#清新*图案#碎花*裙长#连衣裙*裙款式#拼接*裙款式#腰带*裙款式#波浪,早春时节，一款碎花雪纺连衣裙与之更配哦！这款裙子的碎花即清新淡雅又带着丝丝成熟的气息；波浪般的裙摆拼接是最心机地方，可以随着行走而摇摆，格外迷人；腰间的腰带设计，更是轻易塑造出高挑长腿的即视感；穿在身上格外时尚有气质的款！
类型#裙*材质#棉*颜色#蓝色*风格#清新*图案#碎花*裙长#连衣裙,蓝色的碎花图案被点缀在纯白的连衣裙上，蓝白色调搭配出清新隽永的色彩气息，赶走炎炎夏日的闷热感，看上去很是清爽宜人；搭配100%的a类纯棉材质，细腻柔软的质地穿出满分的舒适体验，打造俏丽可爱的甜心美范。
类型#上衣*材质#棉*材质#牛仔布*风格#简约*风格#休闲*衣样式#外套*衣袖型#落肩袖*衣袖型#灯笼袖*衣款式#口袋,一款柔软舒适的棉质牛仔外套；富有趣味感的大口袋，采用了迥异别致的造型蔓延在两侧，丰富层次并便利置物，为简约的衣身增添了个性时髦的韵味；落肩式的收褶灯笼袖，既能柔化肩部的僵硬度并修饰臂部，使随意的举手投足间流露出休闲的气息。
类型#上衣*版型#宽松*衣样式#卫衣*衣袖型#罗纹袖口*衣款式#连帽,这件宽松卫衣采用连帽的设计，在保暖的同时，还可以修饰肩部的宽度；而且它带有的罗纹袖口设计，不仅可以紧密贴合手腕，还能为你起到很好的防风作用。
类型#上衣*版型#宽松*衣样式#卫衣*衣袖型#罗纹袖口*衣款式#连帽,这件宽松卫衣采用连帽的设计，在衬托精致脸型的同时，还可以修饰肩部宽度；紧密贴合手腕的罗纹袖口设计，不仅可以衬托出纤细手腕，还非常防风。
类型#上衣*颜色#黑色*颜色#金色*衣样式#风衣,来自BRAND，黑色迷你<UNK>手袋。独特的皮革纹理模仿了品牌经典风衣的华达呢面料，手工制作配有柔滑<UNK>、抛光金色五金配件及柔软的绒面革衬里，更内设<UNK>，可谓时髦与实用兼具。
类型#裙*风格#青春*图案#印花*裙款式#拼接*裙款式#木耳,拼接元素是现在特别流行的，上身可以有层次感，这款的裙摆是层层叠加拼接，视觉上显得有层次感和和谐优雅。腰部有木耳褶边的拼接，可以遮住肚子上的肉，对于身材的包容性好。合身略有松量的样式，穿着起来不会有束缚感。衣身上是用了<UNK>的印花，盛开着的娇俏繁花，自带鲜艳与<UNK>，充满了艺术韵味的一种花朵。
类型#上衣*风格#休闲*衣样式#外套*衣样式#西装,咋一看是最基本的西装外套，其实细节满满。采用垂坠性面料，吸水透气，坚固耐用，不易皱。肩部的<UNK>设计，很好了修饰了肩宽，凸显干练气场。后片的开叉设计，更显休闲大气。
类型#上衣*风格#休闲*衣样式#外套*衣样式#西装,<UNK>的西装印象，总是给人一种古板单调的感觉，不仅与时尚<UNK>，<UNK>了年轻人的朝气活力。而这款休闲版的西装外套，在传统西装的基础上，融入了更多的时尚元素，看上去更显年轻时尚，穿上身也更加舒适休闲，好似减少了几分束缚感。
类型#上衣*风格#清新*图案#条纹*衣样式#衬衫*衣长#常规*衣款式#不规则,条纹的风潮一直吹，如今继续受宠。evaouxiu这款衬衫抛弃常规设计，采用假两件设计，轻松缔造出视觉上的层次。清新的蓝白条纹，注入了几分清爽气质，彰显活力。而不规则的斜肩，露出诱人的香肩，瞬间撩动男票的心。前短后长的衣摆，辅以开叉设计，让你行走间更显洒脱。
类型#裙*版型#显瘦*裙型#a字*裙长#短裙*裙衣门襟#拉链*裙款式#拉链,这款短裙的版型为a字廓形设计，修身显瘦，优雅大方。腰头没有多余装饰，简洁大方。门襟拉链设计，顺滑耐磨，便于穿脱。后幅一字袋装饰，丰富看点的同时增加置物空间。
类型#裤*版型#宽松*材质#棉*风格#休闲*图案#字母*图案#文字*图案#刺绣*图案#撞色*裤口#小脚,这款束脚裤选用纯棉面料打造，更加舒适服贴，采用宽松休闲的版型剪裁，打造出轻松自由的穿着体验。而裤身的撞色字母刺绣点缀，具有视觉上的冲击力和活力感。
类型#裤*版型#显瘦*材质#牛仔布*风格#潮*裤腰型#松紧腰*裤口#小脚,牛仔裤不只是大人的专利，小朋友同样也可以拥有这股潮流，巴拉巴拉的这款男童小脚牛仔裤，采用修身显瘦的版型，让宝贝轻松穿出大长腿的既视感。最有特色的地方就是裤脚的松紧设计，既可以露出纤细的脚踝。又能够加强牛仔裤的保暖性，穿脱简单舒适，轻而易举打造一个帅气时尚的小潮男形象。
